posttitle,postlink,postid,numvotes,numcomments,filter,periodfilter
Every Legend of Zelda,https://www.reddit.com/r/gaming/comments/c3rje3/every_legend_of_zelda/,c3rje3,101251,1159,top,All time
"Proud of my 72-year-old father! After 215 hours, he finally beat his first console game ever, The Legend of Zelda, Breath of the Wild!",https://www.reddit.com/r/gaming/comments/81u8nj/proud_of_my_72yearold_father_after_215_hours_he/,81u8nj,99730,1725,top,All time
"Today is Shigeru Miyamoto's 68th Birthday! He is the creator of Mario, The Legend of Zelda, Donkey Kong, Pikmin, and Star Fox.",https://www.reddit.com/r/gaming/comments/jv7vk2/today_is_shigeru_miyamotos_68th_birthday_he_is/,jv7vk2,92088,1342,top,All time
"Last I heard, it was called The Legend of ZELDA",https://www.reddit.com/r/gaming/comments/gu20mb/last_i_heard_it_was_called_the_legend_of_zelda/,gu20mb,91692,1408,top,All time
"In 1987 Robin Williams played a new game called The Legend of Zelda. He and his wife loved it so much they named their daughter after it. In 2011, Robin and Zelda starred in a commercial for Zelda Skyward Sword. And in Breath of the Wild there is a character that has a striking resemblance to Robin.",https://www.reddit.com/r/interestingasfuck/comments/1nvpifd/in_1987_robin_williams_played_a_new_game_called/,1nvpifd,80901,464,top,All time
Tactical nuke incoming [The Legend of Zelda: Breath of the Wild],https://www.reddit.com/r/gaming/comments/ejin40/tactical_nuke_incoming_the_legend_of_zelda_breath/,ejin40,79221,1441,top,All time
This is some looney toones stuff [The Legend of Zelda: Breath of the Wild],https://www.reddit.com/r/gaming/comments/f8x42a/this_is_some_looney_toones_stuff_the_legend_of/,f8x42a,78825,721,top,All time
I got The Legend of Zelda for my Switch.,https://www.reddit.com/r/gaming/comments/c0oqgc/i_got_the_legend_of_zelda_for_my_switch/,c0oqgc,75660,646,top,All time
"After 755 hours, my grandmother has finally beaten The Legend of Zelda: Twilight Princess",https://www.reddit.com/r/gaming/comments/cak9re/after_755_hours_my_grandmother_has_finally_beaten/,cak9re,66419,1217,top,All time
"Since people are always upset that their characters are not being portrayed by actors who look exactly like them in live action adaptations, the creators of Legend of Zelda (2027) have cast someone who looks exactly like Zelda, this will thankfully have no drama surrounding this casting choice.",https://www.reddit.com/r/shittymoviedetails/comments/1l1tzqj/since_people_are_always_upset_that_their/,1l1tzqj,59768,59,top,All time
