post_title,post_link,post_id,num_votes,num_comments,filter,period_filter
NEW OFICIAL OBAN STAR RACERS COMIC,https://www.reddit.com/r/obanstarracers/comments/1pk06te/new_oficial_oban_star_racers_comic/,1pk06te,97,10,hot,N/A
Respect Ondai (Oban Star Racers),https://www.reddit.com/r/respectthreads/comments/1pjk4g8/respect_ondai_oban_star_racers/,1pjk4g8,8,0,hot,N/A
Oban Star-Racers extended opening intro (2005).,https://www.reddit.com/r/obanstarracers/comments/1pf2m6v/oban_starracers_extended_opening_intro_2005/,1pf2m6v,71,1,hot,N/A
Oban Star Racers Chance to Shine ‚ù§Ô∏è‚Äçüî• Alwas Traps ü™§ Please Share!!!! ü•∫,https://www.reddit.com/r/obanstarracers/comments/1pdpc6z/oban_star_racers_chance_to_shine_alwas_traps/,1pdpc6z,59,2,hot,N/A
"20 Years Ago Today on December 2, 2005, the official trailer of Oban Star-Racers was released.",https://www.reddit.com/r/obanstarracers/comments/1pcl5km/20_years_ago_today_on_december_2_2005_the/,1pcl5km,79,6,hot,N/A
"Kurakasis: Star Wars game annoucment incoming that ends with ""Racer""",https://www.reddit.com/r/GamingLeaksAndRumours/comments/1pjvv8j/kurakasis_star_wars_game_annoucment_incoming_that/,1pjvv8j,268,163,hot,N/A
There‚Äôs another Star Wars game in development ending with ‚ÄòRacer‚Äô,https://www.reddit.com/r/StarWarsLeaks/comments/1pjva8a/theres_another_star_wars_game_in_development/,1pjva8a,105,50,hot,N/A
"Fimbul Mamba Cafe Racer with nose art - Star Atlas, by Gary Sanchez",https://www.reddit.com/r/ImaginaryStarships/comments/1pjrlmt/fimbul_mamba_cafe_racer_with_nose_art_star_atlas/,1pjrlmt,200,4,hot,N/A
"Kurakasis: There‚Äôs another Star Wars game announcement coming, and its title ends with ""Racer""",https://www.reddit.com/r/PS5/comments/1pjxg5d/kurakasis_theres_another_star_wars_game/,1pjxg5d,129,94,hot,N/A
"Star Citizen The Cup - Origin M50 Turbo, Loved By Racers!",https://www.reddit.com/r/BoredGamer/comments/1pgpnyd/star_citizen_the_cup_origin_m50_turbo_loved_by/,1pgpnyd,2,0,hot,N/A
